IO Bank,Pin Number,Site,Site Type,Min Trace Delay (ps),Max Trace Delay (ps),Prohibit,Interface,Signal Name,Direction,DiffPair Type,DiffPair Signal,IO Standard,Drive (mA),Slew Rate,OUTPUT_IMPEDANCE,PRE_EMPHASIS,LVDS_PRE_EMPHASIS,EQUALIZATION,Pull Type,DQS_BIAS,DIFF_TERM,OFFCHIP_TERM,Board Signal,Board Voltage,ODT
0,P12,,VCCADC,69.775,70.476,,,,,,,,,,,,,,,,,,,,
0,P13,,GNDADC,69.722,70.423,,,,,,,,,,,,,,,,,,,,
0,R12,,VREFN,72.642,73.372,,,,,,,,,,,,,,,,,,,,
0,T13,,VREFP,79.451,80.249,,,,,,,,,,,,,,,,,,,,
0,U12,,DXN,74.111,74.856,,,,,,,,,,,,,,,,,,,,
0,U13,,DXP,76.777,77.548,,,,,,,,,,,,,,,,,,,,
0,U7,,PUDC_B,67.439,68.117,,,,,,,,,,,,,,,,,,,,
0,W7,,POR_OVERRIDE,78.498,79.287,,,,,,,,,,,,,,,,,,,,
43,AH10,IOB_X0Y1,IO_L1N_AD11N_43,95.669,96.631,,,,,,,,,,,,,,,,,,,,
43,AG10,IOB_X0Y0,IO_L1P_AD11P_43,91.987,92.912,,,,,,,,,,,,,,,,,,,,
43,AG11,IOB_X0Y3,IO_L2N_AD10N_43,89.974,90.878,,,,,,,,,,,,,,,,,,,,
43,AF11,IOB_X0Y2,IO_L2P_AD10P_43,86.879,87.752,,,,,,,,,,,,,,,,,,,,
43,AH11,IOB_X0Y5,IO_L3N_AD9N_43,96.652,97.623,,,,,,,,,,,,,,,,,,,,
43,AH12,IOB_X0Y4,IO_L3P_AD9P_43,95.435,96.395,,,,,,,,,,,,,,,,,,,,
43,AF10,IOB_X0Y7,IO_L4N_AD8N_43,93.723,94.665,,,,,,,,,,,,,,,,,,,,
43,AE10,IOB_X0Y6,IO_L4P_AD8P_43,92.071,92.996,,,,,,,,,,,,,,,,,,,,
43,AF12,IOB_X0Y9,IO_L5N_HDGC_AD7N_43,96.694,97.666,,,,,,,,,,,,,,,,,,,,
43,AE12,IOB_X0Y8,IO_L5P_HDGC_AD7P_43,97.480,98.459,,,,,,,,,,,,,,,,,,,,
43,AD12,IOB_X0Y11,IO_L6N_HDGC_AD6N_43,88.162,89.048,,,,,,,,,,,,,,,,,,,,
43,AC12,IOB_X0Y10,IO_L6P_HDGC_AD6P_43,87.997,88.882,,,,,,,,,,,,,,,,,,,,
43,AD10,IOB_X0Y27,IO_L7N_HDGC_AD5N_43,96.997,97.971,,,,,,,,,,,,,,,,,,,,
43,AD11,IOB_X0Y26,IO_L7P_HDGC_AD5P_43,98.089,99.074,,,,,,,,,,,,,,,,,,,,
43,AC11,IOB_X0Y29,IO_L8N_HDGC_AD4N_43,74.931,75.684,,,,,,,,,,,,,,,,,,,,
43,AB11,IOB_X0Y28,IO_L8P_HDGC_AD4P_43,75.509,76.268,,,,,,,,,,,,,,,,,,,,
43,AA10,IOB_X0Y31,IO_L9N_AD3N_43,74.292,75.039,,,,,,,,,,,,,,,,,,,,
43,AA11,IOB_X0Y30,IO_L9P_AD3P_43,70.287,70.993,,,,,,,,,,,,,,,,,,,,
43,Y10,IOB_X0Y33,IO_L10N_AD2N_43,76.608,77.378,,,,,,,,,,,,,,,,,,,,
43,W10,IOB_X0Y32,IO_L10P_AD2P_43,77.905,78.688,,,,,,,,,,,,,,,,,,,,
43,AA8,IOB_X0Y35,IO_L11N_AD1N_43,88.892,89.786,,,,,,,,,,,,,,,,,,,,
43,Y9,IOB_X0Y34,IO_L11P_AD1P_43,81.745,82.566,,,,,,,,,,,,,,,,,,,,
43,AB9,IOB_X0Y37,IO_L12N_AD0N_43,90.812,91.725,,,,,,,,,,,,,,,,,,,,
43,AB10,IOB_X0Y36,IO_L12P_AD0P_43,86.323,87.191,,,,,,,,,,,,,,,,,,,,
43,AC10,,VCCO_43,,,,,,,,,,,,,,,,,,,,VCCO_43,,
43,AG12,,VCCO_43,,,,,,,,,,,,,,,,,,,,VCCO_43,,
44,AE14,IOB_X0Y53,IO_L1N_AD15N_44,87.001,87.875,,,,,,,,,,,,,,,,,,,,
44,AE15,IOB_X0Y52,IO_L1P_AD15P_44,87.031,87.905,,,,,,,,,,,,,,,,,,,,
44,AH14,IOB_X0Y55,IO_L2N_AD14N_44,110.661,111.773,,,,,,,,,,,,,,,,,,,,
44,AG14,IOB_X0Y54,IO_L2P_AD14P_44,114.378,115.527,,,,,,,,,,,,,,,,,,,,
44,AH13,IOB_X0Y57,IO_L3N_AD13N_44,104.329,105.377,,,,,,,,,,,,,,,,,,,,
44,AG13,IOB_X0Y56,IO_L3P_AD13P_44,102.896,103.930,,,,,,,,,,,,,,,,,,,,
44,AF13,IOB_X0Y59,IO_L4N_AD12N_44,95.350,96.309,,,,,,,,,,,,,,,,,,,,
44,AE13,IOB_X0Y58,IO_L4P_AD12P_44,97.995,98.980,,,,,,,,,,,,,,,,,,,,
44,AD14,IOB_X0Y61,IO_L5N_HDGC_44,95.032,95.987,,,,,,,,,,,,,,,,,,,,
44,AD15,IOB_X0Y60,IO_L5P_HDGC_44,95.666,96.627,,,,,,,,,,,,,,,,,,,,
44,AC13,IOB_X0Y63,IO_L6N_HDGC_44,86.479,87.348,,,,,,,,,,,,,,,,,,,,
44,AC14,IOB_X0Y62,IO_L6P_HDGC_44,87.105,87.981,,,,,,,,,,,,,,,,,,,,
44,AB13,IOB_X0Y79,IO_L7N_HDGC_44,80.469,81.277,,,,,,,,,,,,,,,,,,,,
44,AA13,IOB_X0Y78,IO_L7P_HDGC_44,79.641,80.442,,,,,,,,,,,,,,,,,,,,
44,AB14,IOB_X0Y81,IO_L8N_HDGC_44,68.691,69.381,,,,,,,,,,,,,,,,,,,,
44,AB15,IOB_X0Y80,IO_L8P_HDGC_44,68.207,68.892,,,,,,,,,,,,,,,,,,,,
44,W13,IOB_X0Y83,IO_L9N_AD11N_44,59.792,60.393,,,,,,,,,,,,,,,,,,,,
44,W14,IOB_X0Y82,IO_L9P_AD11P_44,57.540,58.118,,,,,,,,,,,,,,,,,,,,
44,Y13,IOB_X0Y85,IO_L10N_AD10N_44,73.326,74.063,,,,,,,,,,,,,,,,,,,,
44,Y14,IOB_X0Y84,IO_L10P_AD10P_44,66.750,67.420,,,,,,,,,,,,,,,,,,,,
44,W11,IOB_X0Y87,IO_L11N_AD9N_44,84.773,85.625,,,,,,,,,,,,,,,,,,,,
44,W12,IOB_X0Y86,IO_L11P_AD9P_44,83.068,83.903,,,,,,,,,,,,,,,,,,,,
44,AA12,IOB_X0Y89,IO_L12N_AD8N_44,73.274,74.011,,,,,,,,,,,,,,,,,,,,
44,Y12,IOB_X0Y88,IO_L12P_AD8P_44,68.350,69.037,,,,,,,,,,,,,,,,,,,,
44,AA14,,VCCO_44,,,,,,,,,,,,,,,,,,,,VCCO_44,,
44,AD13,,VCCO_44,,,,,,,,,,,,,,,,,,,,VCCO_44,,
45,J10,IOB_X0Y105,IO_L1N_AD15N_45,104.047,105.093,,,,,,,,,,,,,,,,,,,,
45,J11,IOB_X0Y104,IO_L1P_AD15P_45,95.090,96.045,,,,,,,,,,,,,,,,,,,,
45,K12,IOB_X0Y107,IO_L2N_AD14N_45,92.099,93.025,,,,,,,,,,,,,,,,,,,,
45,K13,IOB_X0Y106,IO_L2P_AD14P_45,103.090,104.126,,,,,,,,,,,,,,,,,,,,
45,G10,IOB_X0Y109,IO_L3N_AD13N_45,99.946,100.950,,,,,,,,,,,,,,,,,,,,
45,H11,IOB_X0Y108,IO_L3P_AD13P_45,96.055,97.020,,,,,,,,,,,,,,,,,,,,
45,H12,IOB_X0Y111,IO_L4N_AD12N_45,92.283,93.210,,,,,,,,,,,,,,,,,,,,
45,J12,IOB_X0Y110,IO_L4P_AD12P_45,96.704,97.676,,,,,,,,,,,,,,,,,,,,
45,F10,IOB_X0Y113,IO_L5N_HDGC_45,101.595,102.616,,,,,,,,,,,,,,,,,,,,
45,G11,IOB_X0Y112,IO_L5P_HDGC_45,101.321,102.340,,,,,,,,,,,,,,,,,,,,
45,F11,IOB_X0Y115,IO_L6N_HDGC_45,101.099,102.115,,,,,,,,,,,,,,,,,,,,
45,F12,IOB_X0Y114,IO_L6P_HDGC_45,100.614,101.626,,,,,,,,,,,,,,,,,,,,
45,D10,IOB_X0Y131,IO_L7N_HDGC_45,116.356,117.525,,,,,,,,,,,,,,,,,,,,
45,E10,IOB_X0Y130,IO_L7P_HDGC_45,116.624,117.796,,,,,,,,,,,,,,,,,,,,
45,D11,IOB_X0Y133,IO_L8N_HDGC_45,97.230,98.208,,,,,,,,,,,,,,,,,,,,
45,E12,IOB_X0Y132,IO_L8P_HDGC_45,96.739,97.711,,,,,,,,,,,,,,,,,,,,
45,B10,IOB_X0Y135,IO_L9N_AD11N_45,109.906,111.010,,,,,,,,,,,,,,,,,,,,
45,C11,IOB_X0Y134,IO_L9P_AD11P_45,109.407,110.507,,,,,,,,,,,,,,,,,,,,
45,A10,IOB_X0Y137,IO_L10N_AD10N_45,106.200,107.268,,,,,,,,,,,,,,,,,,,,
45,B11,IOB_X0Y136,IO_L10P_AD10P_45,98.351,99.340,,,,,,,,,,,,,,,,,,,,
45,A11,IOB_X0Y139,IO_L11N_AD9N_45,107.782,108.865,,,,,,,,,,,,,,,,,,,,
45,A12,IOB_X0Y138,IO_L11P_AD9P_45,101.509,102.529,,,,,,,,,,,,,,,,,,,,
45,C12,IOB_X0Y141,IO_L12N_AD8N_45,112.710,113.842,,,,,,,,,,,,,,,,,,,,
45,D12,IOB_X0Y140,IO_L12P_AD8P_45,115.803,116.967,,,,,,,,,,,,,,,,,,,,
45,B12,,VCCO_45,,,,,,,,,,,,,,,,,,,,VCCO_45,,
45,E11,,VCCO_45,,,,,,,,,,,,,,,,,,,,VCCO_45,,
46,A15,IOB_X0Y157,IO_L1N_AD11N_46,86.831,87.704,,,,,,,,,,,,,,,,,,,,
46,B15,IOB_X0Y156,IO_L1P_AD11P_46,84.298,85.145,,,,,,,,,,,,,,,,,,,,
46,A14,IOB_X0Y159,IO_L2N_AD10N_46,86.941,87.814,,,,,,,,,,,,,,,,,,,,
46,B14,IOB_X0Y158,IO_L2P_AD10P_46,84.527,85.377,,,,,,,,,,,,,,,,,,,,
46,A13,IOB_X0Y161,IO_L3N_AD9N_46,89.472,90.371,,,,,,,,,,,,,,,,,,,,
46,B13,IOB_X0Y160,IO_L3P_AD9P_46,86.909,87.782,,,,,,,,,,,,,,,,,,,,
46,C13,IOB_X0Y163,IO_L4N_AD8N_46,81.669,82.489,,,,,,,,,,,,,,,,,,,,
46,C14,IOB_X0Y162,IO_L4P_AD8P_46,80.093,80.898,,,,,,,,,,,,,,,,,,,,
46,D14,IOB_X0Y165,IO_L5N_HDGC_AD7N_46,76.762,77.534,,,,,,,,,,,,,,,,,,,,
46,D15,IOB_X0Y164,IO_L5P_HDGC_AD7P_46,76.644,77.415,,,,,,,,,,,,,,,,,,,,
46,E13,IOB_X0Y167,IO_L6N_HDGC_AD6N_46,80.365,81.173,,,,,,,,,,,,,,,,,,,,
46,E14,IOB_X0Y166,IO_L6P_HDGC_AD6P_46,80.213,81.019,,,,,,,,,,,,,,,,,,,,
46,F13,IOB_X0Y183,IO_L7N_HDGC_AD5N_46,65.509,66.167,,,,,,,,,,,,,,,,,,,,
46,G13,IOB_X0Y182,IO_L7P_HDGC_AD5P_46,66.478,67.146,,,,,,,,,,,,,,,,,,,,
46,E15,IOB_X0Y185,IO_L8N_HDGC_AD4N_46,57.979,58.561,,,,,,,,,,,,,,,,,,,,
46,F15,IOB_X0Y184,IO_L8P_HDGC_AD4P_46,57.713,58.293,,,,,,,,,,,,,,,,,,,,
46,G14,IOB_X0Y187,IO_L9N_AD3N_46,50.338,50.844,,,,,,,,,,,,,,,,,,,,
46,G15,IOB_X0Y186,IO_L9P_AD3P_46,49.184,49.679,,,,,,,,,,,,,,,,,,,,
46,H13,IOB_X0Y189,IO_L10N_AD2N_46,57.143,57.717,,,,,,,,,,,,,,,,,,,,
46,H14,IOB_X0Y188,IO_L10P_AD2P_46,50.560,51.068,,,,,,,,,,,,,,,,,,,,
46,J14,IOB_X0Y191,IO_L11N_AD1N_46,55.376,55.933,,,,,,,,,,,,,,,,,,,,
46,K14,IOB_X0Y190,IO_L11P_AD1P_46,68.735,69.426,,,,,,,,,,,,,,,,,,,,
46,L13,IOB_X0Y193,IO_L12N_AD0N_46,76.748,77.519,,,,,,,,,,,,,,,,,,,,
46,L14,IOB_X0Y192,IO_L12P_AD0P_46,73.601,74.341,,,,,,,,,,,,,,,,,,,,
46,C15,,VCCO_46,,,,,,,,,,,,,,,,,,,,VCCO_46,,
46,F14,,VCCO_46,,,,,,,,,,,,,,,,,,,,VCCO_46,,
64,AD6,IOB_X1Y64,IO_T0U_N12_VRP_64,110.363,111.472,,,,,,,,,,,,,,,,,,,,
64,AH6,IOB_X1Y77,IO_T1U_N12_64,131.186,132.504,,,,,,,,,,,,,,,,,,,,
64,AB5,IOB_X1Y90,IO_T2U_N12_64,101.113,102.129,,,,,,,,,,,,,,,,,,,,
64,AE4,IOB_X1Y103,IO_T3U_N12_64,138.675,140.068,,,,,,,,,,,,,,,,,,,,
64,AD9,IOB_X1Y53,IO_L1N_T0L_N1_DBC_64,83.481,84.320,,,,,,,,,,,,,,,,,,,,
64,AC9,IOB_X1Y52,IO_L1P_T0L_N0_DBC_64,83.321,84.159,,,,,,,,,,,,,,,,,,,,
64,AE8,IOB_X1Y55,IO_L2N_T0L_N3_64,96.510,97.480,,,,,,,,,,,,,,,,,,,,
64,AE9,IOB_X1Y54,IO_L2P_T0L_N2_64,94.233,95.180,,,,,,,,,,,,,,,,,,,,
64,AC8,IOB_X1Y57,IO_L3N_T0L_N5_AD15N_64,82.730,83.562,,,,,,,,,,,,,,,,,,,,
64,AB8,IOB_X1Y56,IO_L3P_T0L_N4_AD15P_64,82.604,83.434,,,,,,,,,,,,,,,,,,,,
64,AE7,IOB_X1Y59,IO_L4N_T0U_N7_DBC_AD7N_64,104.665,105.717,,,,,,,,,,,,,,,,,,,,
64,AD7,IOB_X1Y58,IO_L4P_T0U_N6_DBC_AD7P_64,103.869,104.913,,,,,,,,,,,,,,,,,,,,
64,AC7,IOB_X1Y61,IO_L5N_T0U_N9_AD14N_64,86.522,87.391,,,,,,,,,,,,,,,,,,,,
64,AB7,IOB_X1Y60,IO_L5P_T0U_N8_AD14P_64,82.676,83.506,,,,,,,,,,,,,,,,,,,,
64,AC6,IOB_X1Y63,IO_L6N_T0U_N11_AD6N_64,94.177,95.124,,,,,,,,,,,,,,,,,,,,
64,AB6,IOB_X1Y62,IO_L6P_T0U_N10_AD6P_64,88.152,89.038,,,,,,,,,,,,,,,,,,,,
64,AH9,IOB_X1Y66,IO_L7N_T1L_N1_QBC_AD13N_64,125.149,126.407,,,,,,,,,,,,,,,,,,,,
64,AG9,IOB_X1Y65,IO_L7P_T1L_N0_QBC_AD13P_64,124.764,126.018,,,,,,,,,,,,,,,,,,,,
64,AG8,IOB_X1Y68,IO_L8N_T1L_N3_AD5N_64,128.997,130.294,,,,,,,,,,,,,,,,,,,,
64,AF8,IOB_X1Y67,IO_L8P_T1L_N2_AD5P_64,125.363,126.623,,,,,,,,,,,,,,,,,,,,
64,AH7,IOB_X1Y70,IO_L9N_T1L_N5_AD12N_64,127.787,129.071,,,,,,,,,,,,,,,,,,,,
64,AH8,IOB_X1Y69,IO_L9P_T1L_N4_AD12P_64,126.138,127.406,,,,,,,,,,,,,,,,,,,,
64,AG5,IOB_X1Y72,IO_L10N_T1U_N7_QBC_AD4N_64,123.956,125.202,,,,,,,,,,,,,,,,,,,,
64,AG6,IOB_X1Y71,IO_L10P_T1U_N6_QBC_AD4P_64,123.413,124.654,,,,,,,,,,,,,,,,,,,,
64,AF6,IOB_X1Y74,IO_L11N_T1U_N9_GC_64,118.475,119.666,,,,,,,,,,,,,,,,,,,,
64,AF7,IOB_X1Y73,IO_L11P_T1U_N8_GC_64,117.535,118.716,,,,,,,,,,,,,,,,,,,,
64,AF5,IOB_X1Y76,IO_L12N_T1U_N11_GC_64,120.222,121.431,,,,,,,,,,,,,,,,,,,,
64,AE5,IOB_X1Y75,IO_L12P_T1U_N10_GC_64,119.460,120.660,,,,,,,,,,,,,,,,,,,,
64,AD4,IOB_X1Y79,IO_L13N_T2L_N1_GC_QBC_64,108.807,109.900,,,,,,,,,,,,,,,,,,,,
64,AD5,IOB_X1Y78,IO_L13P_T2L_N0_GC_QBC_64,108.480,109.570,,,,,,,,,,,,,,,,,,,,
64,AC3,IOB_X1Y81,IO_L14N_T2L_N3_GC_64,115.460,116.620,,,,,,,,,,,,,,,,,,,,
64,AC4,IOB_X1Y80,IO_L14P_T2L_N2_GC_64,114.865,116.020,,,,,,,,,,,,,,,,,,,,
64,AB3,IOB_X1Y83,IO_L15N_T2L_N5_AD11N_64,108.545,109.636,,,,,,,,,,,,,,,,,,,,
64,AB4,IOB_X1Y82,IO_L15P_T2L_N4_AD11P_64,107.436,108.515,,,,,,,,,,,,,,,,,,,,
64,AD1,IOB_X1Y85,IO_L16N_T2U_N7_QBC_AD3N_64,125.932,127.197,,,,,,,,,,,,,,,,,,,,
64,AD2,IOB_X1Y84,IO_L16P_T2U_N6_QBC_AD3P_64,125.538,126.800,,,,,,,,,,,,,,,,,,,,
64,AC2,IOB_X1Y87,IO_L17N_T2U_N9_AD10N_64,121.230,122.448,,,,,,,,,,,,,,,,,,,,
64,AB2,IOB_X1Y86,IO_L17P_T2U_N8_AD10P_64,115.592,116.753,,,,,,,,,,,,,,,,,,,,
64,AC1,IOB_X1Y89,IO_L18N_T2U_N11_AD2N_64,128.538,129.830,,,,,,,,,,,,,,,,,,,,
64,AB1,IOB_X1Y88,IO_L18P_T2U_N10_AD2P_64,124.808,126.063,,,,,,,,,,,,,,,,,,,,
64,AH4,IOB_X1Y92,IO_L19N_T3L_N1_DBC_AD9N_64,153.569,155.112,,,,,,,,,,,,,,,,,,,,
64,AG4,IOB_X1Y91,IO_L19P_T3L_N0_DBC_AD9P_64,153.025,154.563,,,,,,,,,,,,,,,,,,,,
64,AH3,IOB_X1Y94,IO_L20N_T3L_N3_AD1N_64,155.911,157.478,,,,,,,,,,,,,,,,,,,,
64,AG3,IOB_X1Y93,IO_L20P_T3L_N2_AD1P_64,152.091,153.620,,,,,,,,,,,,,,,,,,,,
64,AF3,IOB_X1Y96,IO_L21N_T3L_N5_AD8N_64,139.791,141.196,,,,,,,,,,,,,,,,,,,,
64,AE3,IOB_X1Y95,IO_L21P_T3L_N4_AD8P_64,137.187,138.565,,,,,,,,,,,,,,,,,,,,
64,AF2,IOB_X1Y98,IO_L22N_T3U_N7_DBC_AD0N_64,142.745,144.180,,,,,,,,,,,,,,,,,,,,
64,AE2,IOB_X1Y97,IO_L22P_T3U_N6_DBC_AD0P_64,142.811,144.246,,,,,,,,,,,,,,,,,,,,
64,AH1,IOB_X1Y100,IO_L23N_T3U_N9_64,150.283,151.794,,,,,,,,,,,,,,,,,,,,
64,AH2,IOB_X1Y99,IO_L23P_T3U_N8_64,148.109,149.597,,,,,,,,,,,,,,,,,,,,
64,AG1,IOB_X1Y102,IO_L24N_T3U_N11_64,151.037,152.555,,,,,,,,,,,,,,,,,,,,
64,AF1,IOB_X1Y101,IO_L24P_T3U_N10_64,147.844,149.330,,,,,,,,,,,,,,,,,,,,
64,AA7,,VREF_64,,,,,,,,,,,,,,,,,,,,,,
64,AC5,,VCCO_64,,,,,,,,,,,,,,,,,,,,VCCO_64,0.00-1.80,
64,AD8,,VCCO_64,,,,,,,,,,,,,,,,,,,,VCCO_64,0.00-1.80,
64,AG7,,VCCO_64,,,,,,,,,,,,,,,,,,,,VCCO_64,0.00-1.80,
65,W9,IOB_X1Y116,IO_T0U_N12_VRP_65,99.154,100.151,,,,,,,,,,,,,,,,,,,,
65,H2,IOB_X1Y129,IO_T1U_N12_65,130.528,131.839,,,,,,,,,,,,,,,,,,,,
65,P9,IOB_X1Y142,IO_T2U_N12_65,73.879,74.622,,,,,,,,,,,,,,,,,,,,
65,K5,IOB_X1Y155,IO_T3U_N12_65,99.717,100.720,,,,,,,,,,,,,,,,,,,,
65,Y8,IOB_X1Y105,IO_L1N_T0L_N1_DBC_65,79.758,80.560,,,,,,,,,,,,,,,,,,,,
65,W8,IOB_X1Y104,IO_L1P_T0L_N0_DBC_65,79.677,80.477,,,,,,,,,,,,,,,,,,,,
65,V9,IOB_X1Y107,IO_L2N_T0L_N3_65,75.998,76.762,,,,,,,,,,,,,,,,,,,,
65,U9,IOB_X1Y106,IO_L2P_T0L_N2_65,72.374,73.102,,,,,,,,,,,,,,,,,,,,
65,V8,IOB_X1Y109,IO_L3N_T0L_N5_AD15N_65,74.039,74.783,,,,,,,,,,,,,,,,,,,,
65,U8,IOB_X1Y108,IO_L3P_T0L_N4_AD15P_65,71.625,72.345,,,,,,,,,,,,,,,,,,,,
65,T8,IOB_X1Y111,IO_L4N_T0U_N7_DBC_AD7N_65,73.164,73.899,,,,,,,,,,,,,,,,,,,,
65,R8,IOB_X1Y110,IO_L4P_T0U_N6_DBC_AD7P_SMBALERT_65,72.564,73.293,,,,,,,,,,,,,,,,,,,,
65,T7,IOB_X1Y113,IO_L5N_T0U_N9_AD14N_65,72.939,73.672,,,,,,,,,,,,,,,,,,,,
65,R7,IOB_X1Y112,IO_L5P_T0U_N8_AD14P_65,73.260,73.997,,,,,,,,,,,,,,,,,,,,
65,T6,IOB_X1Y115,IO_L6N_T0U_N11_AD6N_65,85.559,86.419,,,,,,,,,,,,,,,,,,,,
65,R6,IOB_X1Y114,IO_L6P_T0U_N10_AD6P_65,80.671,81.482,,,,,,,,,,,,,,,,,,,,
65,K1,IOB_X1Y118,IO_L7N_T1L_N1_QBC_AD13N_65,113.934,115.079,,,,,,,,,,,,,,,,,,,,
65,L1,IOB_X1Y117,IO_L7P_T1L_N0_QBC_AD13P_65,112.710,113.842,,,,,,,,,,,,,,,,,,,,
65,H1,IOB_X1Y120,IO_L8N_T1L_N3_AD5N_65,120.010,121.216,,,,,,,,,,,,,,,,,,,,
65,J1,IOB_X1Y119,IO_L8P_T1L_N2_AD5P_65,117.135,118.313,,,,,,,,,,,,,,,,,,,,
65,J2,IOB_X1Y122,IO_L9N_T1L_N5_AD12N_65,115.314,116.473,,,,,,,,,,,,,,,,,,,,
65,K2,IOB_X1Y121,IO_L9P_T1L_N4_AD12P_65,113.280,114.419,,,,,,,,,,,,,,,,,,,,
65,H3,IOB_X1Y124,IO_L10N_T1U_N7_QBC_AD4N_65,116.595,117.767,,,,,,,,,,,,,,,,,,,,
65,H4,IOB_X1Y123,IO_L10P_T1U_N6_QBC_AD4P_65,117.761,118.944,,,,,,,,,,,,,,,,,,,,
65,K3,IOB_X1Y126,IO_L11N_T1U_N9_GC_65,102.843,103.877,,,,,,,,,,,,,,,,,,,,
65,K4,IOB_X1Y125,IO_L11P_T1U_N8_GC_65,102.972,104.007,,,,,,,,,,,,,,,,,,,,
65,L2,IOB_X1Y128,IO_L12N_T1U_N11_GC_65,103.411,104.451,,,,,,,,,,,,,,,,,,,,
65,L3,IOB_X1Y127,IO_L12P_T1U_N10_GC_65,103.135,104.172,,,,,,,,,,,,,,,,,,,,
65,L6,IOB_X1Y131,IO_L13N_T2L_N1_GC_QBC_65,78.748,79.539,,,,,,,,,,,,,,,,,,,,
65,L7,IOB_X1Y130,IO_L13P_T2L_N0_GC_QBC_65,78.437,79.225,,,,,,,,,,,,,,,,,,,,
65,L5,IOB_X1Y133,IO_L14N_T2L_N3_GC_65,90.527,91.437,,,,,,,,,,,,,,,,,,,,
65,M6,IOB_X1Y132,IO_L14P_T2L_N2_GC_65,91.327,92.245,,,,,,,,,,,,,,,,,,,,
65,N6,IOB_X1Y135,IO_L15N_T2L_N5_AD11N_65,86.524,87.394,,,,,,,,,,,,,,,,,,,,
65,N7,IOB_X1Y134,IO_L15P_T2L_N4_AD11P_65,86.148,87.014,,,,,,,,,,,,,,,,,,,,
65,P6,IOB_X1Y137,IO_L16N_T2U_N7_QBC_AD3N_65,101.398,102.417,,,,,,,,,,,,,,,,,,,,
65,P7,IOB_X1Y136,IO_L16P_T2U_N6_QBC_AD3P_65,100.317,101.325,,,,,,,,,,,,,,,,,,,,
65,N8,IOB_X1Y139,IO_L17N_T2U_N9_AD10N_65,74.460,75.208,,,,,,,,,,,,,,,,,,,,
65,N9,IOB_X1Y138,IO_L17P_T2U_N8_AD10P_65,74.261,75.008,,,,,,,,,,,,,,,,,,,,
65,L8,IOB_X1Y141,IO_L18N_T2U_N11_AD2N_65,74.251,74.997,,,,,,,,,,,,,,,,,,,,
65,M8,IOB_X1Y140,IO_L18P_T2U_N10_AD2P_65,75.263,76.020,,,,,,,,,,,,,,,,,,,,
65,J4,IOB_X1Y144,IO_L19N_T3L_N1_DBC_AD9N_65,97.426,98.405,,,,,,,,,,,,,,,,,,,,
65,J5,IOB_X1Y143,IO_L19P_T3L_N0_DBC_AD9P_65,96.798,97.771,,,,,,,,,,,,,,,,,,,,
65,H6,IOB_X1Y146,IO_L20N_T3L_N3_AD1N_65,82.471,83.300,,,,,,,,,,,,,,,,,,,,
65,J6,IOB_X1Y145,IO_L20P_T3L_N2_AD1P_65,81.557,82.376,,,,,,,,,,,,,,,,,,,,
65,H7,IOB_X1Y148,IO_L21N_T3L_N5_AD8N_65,87.461,88.340,,,,,,,,,,,,,,,,,,,,
65,J7,IOB_X1Y147,IO_L21P_T3L_N4_AD8P_65,82.652,83.482,,,,,,,,,,,,,,,,,,,,
65,K7,IOB_X1Y150,IO_L22N_T3U_N7_DBC_AD0N_65,71.918,72.641,,,,,,,,,,,,,,,,,,,,
65,K8,IOB_X1Y149,IO_L22P_T3U_N6_DBC_AD0P_65,71.798,72.520,,,,,,,,,,,,,,,,,,,,
65,J9,IOB_X1Y152,IO_L23N_T3U_N9_65,71.741,72.462,,,,,,,,,,,,,,,,,,,,
65,K9,IOB_X1Y151,IO_L23P_T3U_N8_I2C_SCLK_65,71.853,72.575,,,,,,,,,,,,,,,,,,,,
65,H8,IOB_X1Y154,IO_L24N_T3U_N11_PERSTN0_65,73.316,74.053,,,,,,,,,,,,,,,,,,,,
65,H9,IOB_X1Y153,IO_L24P_T3U_N10_PERSTN1_I2C_SDA_65,72.575,73.304,,,,,,,,,,,,,,,,,,,,
65,H5,,VCCO_65,,,,,,,,,,,,,,,,,,,,VCCO_65,0.00-1.80,
65,J3,,VCCO_65,,,,,,,,,,,,,,,,,,,,VCCO_65,0.00-1.80,
65,L4,,VCCO_65,,,,,,,,,,,,,,,,,,,,VCCO_65,0.00-1.80,
65,R9,,VREF_65,,,,,,,,,,,,,,,,,,,,,,
66,G4,IOB_X1Y168,IO_T0U_N12_VRP_66,101.728,102.750,,,,,,,,,,,,,,,,,,,,
66,D2,IOB_X1Y181,IO_T1U_N12_66,115.423,116.584,,,,,,,,,,,,,,,,,,,,
66,E7,IOB_X1Y194,IO_T2U_N12_66,97.796,98.779,,,,,,,,,,,,,,,,,,,,
66,C7,IOB_X1Y207,IO_T3U_N12_66,94.288,95.235,,,,,,,,,,,,,,,,,,,,
66,F1,IOB_X1Y157,IO_L1N_T0L_N1_DBC_66,114.902,116.057,,,,,,,,,,,,,,,,,,,,
66,G1,IOB_X1Y156,IO_L1P_T0L_N0_DBC_66,114.751,115.904,,,,,,,,,,,,,,,,,,,,
66,D1,IOB_X1Y159,IO_L2N_T0L_N3_66,129.383,130.684,,,,,,,,,,,,,,,,,,,,
66,E1,IOB_X1Y158,IO_L2P_T0L_N2_66,125.538,126.800,,,,,,,,,,,,,,,,,,,,
66,E2,IOB_X1Y161,IO_L3N_T0L_N5_AD15N_66,115.304,116.463,,,,,,,,,,,,,,,,,,,,
66,F2,IOB_X1Y160,IO_L3P_T0L_N4_AD15P_66,111.364,112.483,,,,,,,,,,,,,,,,,,,,
66,F3,IOB_X1Y163,IO_L4N_T0U_N7_DBC_AD7N_66,104.969,106.024,,,,,,,,,,,,,,,,,,,,
66,G3,IOB_X1Y162,IO_L4P_T0U_N6_DBC_AD7P_66,105.652,106.714,,,,,,,,,,,,,,,,,,,,
66,E3,IOB_X1Y165,IO_L5N_T0U_N9_AD14N_66,107.789,108.872,,,,,,,,,,,,,,,,,,,,
66,E4,IOB_X1Y164,IO_L5P_T0U_N8_AD14P_66,107.355,108.434,,,,,,,,,,,,,,,,,,,,
66,F5,IOB_X1Y167,IO_L6N_T0U_N11_AD6N_66,103.640,104.681,,,,,,,,,,,,,,,,,,,,
66,G5,IOB_X1Y166,IO_L6P_T0U_N10_AD6P_66,102.626,103.657,,,,,,,,,,,,,,,,,,,,
66,B1,IOB_X1Y170,IO_L7N_T1L_N1_QBC_AD13N_66,124.890,126.145,,,,,,,,,,,,,,,,,,,,
66,C1,IOB_X1Y169,IO_L7P_T1L_N0_QBC_AD13P_66,123.859,125.104,,,,,,,,,,,,,,,,,,,,
66,A1,IOB_X1Y172,IO_L8N_T1L_N3_AD5N_66,131.915,133.241,,,,,,,,,,,,,,,,,,,,
66,A2,IOB_X1Y171,IO_L8P_T1L_N2_AD5P_66,135.784,137.149,,,,,,,,,,,,,,,,,,,,
66,A3,IOB_X1Y174,IO_L9N_T1L_N5_AD12N_66,123.290,124.529,,,,,,,,,,,,,,,,,,,,
66,B3,IOB_X1Y173,IO_L9P_T1L_N4_AD12P_66,120.364,121.573,,,,,,,,,,,,,,,,,,,,
66,A4,IOB_X1Y176,IO_L10N_T1U_N7_QBC_AD4N_66,137.078,138.455,,,,,,,,,,,,,,,,,,,,
66,B4,IOB_X1Y175,IO_L10P_T1U_N6_QBC_AD4P_66,138.017,139.404,,,,,,,,,,,,,,,,,,,,
66,C4,IOB_X1Y178,IO_L11N_T1U_N9_GC_66,110.441,111.551,,,,,,,,,,,,,,,,,,,,
66,D4,IOB_X1Y177,IO_L11P_T1U_N8_GC_66,110.687,111.800,,,,,,,,,,,,,,,,,,,,
66,C2,IOB_X1Y180,IO_L12N_T1U_N11_GC_66,118.620,119.812,,,,,,,,,,,,,,,,,,,,
66,C3,IOB_X1Y179,IO_L12P_T1U_N10_GC_66,118.401,119.591,,,,,,,,,,,,,,,,,,,,
66,D6,IOB_X1Y183,IO_L13N_T2L_N1_GC_QBC_66,115.408,116.568,,,,,,,,,,,,,,,,,,,,
66,D7,IOB_X1Y182,IO_L13P_T2L_N0_GC_QBC_66,115.613,116.775,,,,,,,,,,,,,,,,,,,,
66,D5,IOB_X1Y185,IO_L14N_T2L_N3_GC_66,105.217,106.274,,,,,,,,,,,,,,,,,,,,
66,E5,IOB_X1Y184,IO_L14P_T2L_N2_GC_66,104.577,105.628,,,,,,,,,,,,,,,,,,,,
66,F6,IOB_X1Y187,IO_L15N_T2L_N5_AD11N_66,90.591,91.501,,,,,,,,,,,,,,,,,,,,
66,G6,IOB_X1Y186,IO_L15P_T2L_N4_AD11P_66,89.907,90.811,,,,,,,,,,,,,,,,,,,,
66,F7,IOB_X1Y189,IO_L16N_T2U_N7_QBC_AD3N_66,90.104,91.010,,,,,,,,,,,,,,,,,,,,
66,G8,IOB_X1Y188,IO_L16P_T2U_N6_QBC_AD3P_66,90.761,91.673,,,,,,,,,,,,,,,,,,,,
66,E8,IOB_X1Y191,IO_L17N_T2U_N9_AD10N_66,90.345,91.253,,,,,,,,,,,,,,,,,,,,
66,F8,IOB_X1Y190,IO_L17P_T2U_N8_AD10P_66,90.715,91.627,,,,,,,,,,,,,,,,,,,,
66,D9,IOB_X1Y193,IO_L18N_T2U_N11_AD2N_66,93.924,94.868,,,,,,,,,,,,,,,,,,,,
66,E9,IOB_X1Y192,IO_L18P_T2U_N10_AD2P_66,102.038,103.063,,,,,,,,,,,,,,,,,,,,
66,A5,IOB_X1Y196,IO_L19N_T3L_N1_DBC_AD9N_66,107.425,108.505,,,,,,,,,,,,,,,,,,,,
66,B5,IOB_X1Y195,IO_L19P_T3L_N0_DBC_AD9P_66,106.281,107.349,,,,,,,,,,,,,,,,,,,,
66,B6,IOB_X1Y198,IO_L20N_T3L_N3_AD1N_66,99.353,100.351,,,,,,,,,,,,,,,,,,,,
66,C6,IOB_X1Y197,IO_L20P_T3L_N2_AD1P_66,97.340,98.318,,,,,,,,,,,,,,,,,,,,
66,A6,IOB_X1Y200,IO_L21N_T3L_N5_AD8N_66,99.922,100.927,,,,,,,,,,,,,,,,,,,,
66,A7,IOB_X1Y199,IO_L21P_T3L_N4_AD8P_66,98.289,99.276,,,,,,,,,,,,,,,,,,,,
66,B8,IOB_X1Y202,IO_L22N_T3U_N7_DBC_AD0N_66,90.366,91.274,,,,,,,,,,,,,,,,,,,,
66,C8,IOB_X1Y201,IO_L22P_T3U_N6_DBC_AD0P_66,89.899,90.802,,,,,,,,,,,,,,,,,,,,
66,A8,IOB_X1Y204,IO_L23N_T3U_N9_66,87.757,88.639,,,,,,,,,,,,,,,,,,,,
66,A9,IOB_X1Y203,IO_L23P_T3U_N8_66,83.509,84.349,,,,,,,,,,,,,,,,,,,,
66,B9,IOB_X1Y206,IO_L24N_T3U_N11_66,87.479,88.358,,,,,,,,,,,,,,,,,,,,
66,C9,IOB_X1Y205,IO_L24P_T3U_N10_66,84.680,85.531,,,,,,,,,,,,,,,,,,,,
66,B7,,VCCO_66,,,,,,,,,,,,,,,,,,,,VCCO_66,0.00-1.80,
66,D3,,VCCO_66,,,,,,,,,,,,,,,,,,,,VCCO_66,0.00-1.80,
66,E6,,VCCO_66,,,,,,,,,,,,,,,,,,,,VCCO_66,0.00-1.80,
66,G9,,VREF_66,,,,,,,,,,,,,,,,,,,,,,
224,Y1,GTHE4_CHANNEL_X0Y4,MGTHRXN0_224,62.229,62.855,,,,,,,,,,,,,,,,,,,,
224,Y2,GTHE4_CHANNEL_X0Y4,MGTHRXP0_224,62.360,62.987,,,,,,,,,,,,,,,,,,,,
224,W3,GTHE4_CHANNEL_X0Y4,MGTHTXN0_224,38.589,38.976,,,,,,,,,,,,,,,,,,,,
224,W4,GTHE4_CHANNEL_X0Y4,MGTHTXP0_224,38.683,39.072,,,,,,,,,,,,,,,,,,,,
224,Y5,GTHE4_COMMON_X0Y1,MGTREFCLK0N_224,48.618,49.106,,,,,,,,,,,,,,,,,,,,
224,Y6,GTHE4_COMMON_X0Y1,MGTREFCLK0P_224,48.543,49.030,,,,,,,,,,,,,,,,,,,,
224,V1,GTHE4_CHANNEL_X0Y5,MGTHRXN1_224,56.432,56.999,,,,,,,,,,,,,,,,,,,,
224,V2,GTHE4_CHANNEL_X0Y5,MGTHRXP1_224,56.580,57.148,,,,,,,,,,,,,,,,,,,,
224,U3,GTHE4_CHANNEL_X0Y5,MGTHTXN1_224,41.022,41.434,,,,,,,,,,,,,,,,,,,,
224,U4,GTHE4_CHANNEL_X0Y5,MGTHTXP1_224,41.065,41.477,,,,,,,,,,,,,,,,,,,,
224,V5,GTHE4_COMMON_X0Y1,MGTREFCLK1N_224,43.582,44.020,,,,,,,,,,,,,,,,,,,,
224,V6,GTHE4_COMMON_X0Y1,MGTREFCLK1P_224,43.647,44.086,,,,,,,,,,,,,,,,,,,,
224,T1,GTHE4_CHANNEL_X0Y6,MGTHRXN2_224,51.766,52.286,,,,,,,,,,,,,,,,,,,,
224,T2,GTHE4_CHANNEL_X0Y6,MGTHRXP2_224,51.864,52.386,,,,,,,,,,,,,,,,,,,,
224,R3,GTHE4_CHANNEL_X0Y6,MGTHTXN2_224,34.095,34.438,,,,,,,,,,,,,,,,,,,,
224,R4,GTHE4_CHANNEL_X0Y6,MGTHTXP2_224,34.160,34.503,,,,,,,,,,,,,,,,,,,,
224,P1,GTHE4_CHANNEL_X0Y7,MGTHRXN3_224,50.196,50.700,,,,,,,,,,,,,,,,,,,,
224,P2,GTHE4_CHANNEL_X0Y7,MGTHRXP3_224,50.195,50.699,,,,,,,,,,,,,,,,,,,,
224,N3,GTHE4_CHANNEL_X0Y7,MGTHTXN3_224,33.087,33.420,,,,,,,,,,,,,,,,,,,,
224,N4,GTHE4_CHANNEL_X0Y7,MGTHTXP3_224,33.050,33.382,,,,,,,,,,,,,,,,,,,,
224,N1,,MGTAVTTRCAL_R,71.307,72.024,,,,,,,,,,,,,,,,,,,,
224,N2,,MGTRREF_R,69.431,70.129,,,,,,,,,,,,,,,,,,,,
505,F24,PS8_X0Y0,PS_MGTREFCLK0N_505,75.693,76.453,,,,,,,,,,,,,,,,,,,,
505,F23,PS8_X0Y0,PS_MGTREFCLK0P_505,75.735,76.496,,,,,,,,,,,,,,,,,,,,
505,F22,PS8_X0Y0,PS_MGTRREF_505,49.598,50.096,,,,,,,,,,,,,,,,,,,,
505,F28,PS8_X0Y0,PS_MGTRRXN0_505,75.370,76.128,,,,,,,,,,,,,,,,,,,,
505,F27,PS8_X0Y0,PS_MGTRRXP0_505,75.437,76.195,,,,,,,,,,,,,,,,,,,,
505,E26,PS8_X0Y0,PS_MGTRTXN0_505,75.492,76.251,,,,,,,,,,,,,,,,,,,,
505,E25,PS8_X0Y0,PS_MGTRTXP0_505,75.352,76.109,,,,,,,,,,,,,,,,,,,,
505,E22,PS8_X0Y0,PS_MGTREFCLK1N_505,76.285,77.052,,,,,,,,,,,,,,,,,,,,
505,E21,PS8_X0Y0,PS_MGTREFCLK1P_505,76.363,77.130,,,,,,,,,,,,,,,,,,,,
505,D28,PS8_X0Y0,PS_MGTRRXN1_505,70.515,71.224,,,,,,,,,,,,,,,,,,,,
505,D27,PS8_X0Y0,PS_MGTRRXP1_505,70.609,71.318,,,,,,,,,,,,,,,,,,,,
505,D24,PS8_X0Y0,PS_MGTRTXN1_505,62.781,63.412,,,,,,,,,,,,,,,,,,,,
505,D23,PS8_X0Y0,PS_MGTRTXP1_505,62.757,63.388,,,,,,,,,,,,,,,,,,,,
505,C22,PS8_X0Y0,PS_MGTREFCLK2N_505,89.666,90.568,,,,,,,,,,,,,,,,,,,,
505,C21,PS8_X0Y0,PS_MGTREFCLK2P_505,89.191,90.088,,,,,,,,,,,,,,,,,,,,
505,B28,PS8_X0Y0,PS_MGTRRXN2_505,90.740,91.652,,,,,,,,,,,,,,,,,,,,
505,B27,PS8_X0Y0,PS_MGTRRXP2_505,90.663,91.575,,,,,,,,,,,,,,,,,,,,
505,C26,PS8_X0Y0,PS_MGTRTXN2_505,84.580,85.430,,,,,,,,,,,,,,,,,,,,
505,C25,PS8_X0Y0,PS_MGTRTXP2_505,84.588,85.438,,,,,,,,,,,,,,,,,,,,
505,A22,PS8_X0Y0,PS_MGTREFCLK3N_505,91.223,92.140,,,,,,,,,,,,,,,,,,,,
505,A21,PS8_X0Y0,PS_MGTREFCLK3P_505,91.480,92.399,,,,,,,,,,,,,,,,,,,,
505,A26,PS8_X0Y0,PS_MGTRRXN3_505,82.588,83.418,,,,,,,,,,,,,,,,,,,,
505,A25,PS8_X0Y0,PS_MGTRRXP3_505,82.444,83.272,,,,,,,,,,,,,,,,,,,,
505,B24,PS8_X0Y0,PS_MGTRTXN3_505,66.489,67.158,,,,,,,,,,,,,,,,,,,,
505,B23,PS8_X0Y0,PS_MGTRTXP3_505,66.549,67.218,,,,,,,,,,,,,,,,,,,,
500,AG15,PS8_X0Y0,PS_MIO0_500,133.898,135.244,,,,,,,,,,,,,,,,,,,,
500,AD17,PS8_X0Y0,PS_MIO10_500,121.033,122.249,,,,,,,,,,,,,,,,,,,,
500,AE17,PS8_X0Y0,PS_MIO11_500,120.552,121.763,,,,,,,,,,,,,,,,,,,,
500,AC17,PS8_X0Y0,PS_MIO12_500,110.949,112.064,,,,,,,,,,,,,,,,,,,,
500,AH18,PS8_X0Y0,PS_MIO13_500,142.737,144.172,,,,,,,,,,,,,,,,,,,,
500,AG18,PS8_X0Y0,PS_MIO14_500,135.782,137.147,,,,,,,,,,,,,,,,,,,,
500,AE18,PS8_X0Y0,PS_MIO15_500,127.205,128.484,,,,,,,,,,,,,,,,,,,,
500,AF18,PS8_X0Y0,PS_MIO16_500,131.468,132.789,,,,,,,,,,,,,,,,,,,,
500,AC18,PS8_X0Y0,PS_MIO17_500,109.221,110.319,,,,,,,,,,,,,,,,,,,,
500,AC19,PS8_X0Y0,PS_MIO18_500,111.773,112.896,,,,,,,,,,,,,,,,,,,,
500,AE19,PS8_X0Y0,PS_MIO19_500,136.586,137.959,,,,,,,,,,,,,,,,,,,,
500,AG16,PS8_X0Y0,PS_MIO1_500,130.431,131.742,,,,,,,,,,,,,,,,,,,,
500,AD19,PS8_X0Y0,PS_MIO20_500,128.827,130.121,,,,,,,,,,,,,,,,,,,,
500,AC21,PS8_X0Y0,PS_MIO21_500,120.444,121.655,,,,,,,,,,,,,,,,,,,,
500,AB20,PS8_X0Y0,PS_MIO22_500,105.087,106.143,,,,,,,,,,,,,,,,,,,,
500,AB18,PS8_X0Y0,PS_MIO23_500,106.319,107.388,,,,,,,,,,,,,,,,,,,,
500,AB19,PS8_X0Y0,PS_MIO24_500,102.119,103.145,,,,,,,,,,,,,,,,,,,,
500,AB21,PS8_X0Y0,PS_MIO25_500,114.150,115.297,,,,,,,,,,,,,,,,,,,,
500,AF15,PS8_X0Y0,PS_MIO2_500,129.232,130.530,,,,,,,,,,,,,,,,,,,,
500,AH15,PS8_X0Y0,PS_MIO3_500,137.732,139.116,,,,,,,,,,,,,,,,,,,,
500,AH16,PS8_X0Y0,PS_MIO4_500,136.418,137.789,,,,,,,,,,,,,,,,,,,,
500,AD16,PS8_X0Y0,PS_MIO5_500,113.636,114.778,,,,,,,,,,,,,,,,,,,,
500,AF16,PS8_X0Y0,PS_MIO6_500,130.937,132.253,,,,,,,,,,,,,,,,,,,,
500,AH17,PS8_X0Y0,PS_MIO7_500,134.566,135.919,,,,,,,,,,,,,,,,,,,,
500,AF17,PS8_X0Y0,PS_MIO8_500,128.812,130.106,,,,,,,,,,,,,,,,,,,,
500,AC16,PS8_X0Y0,PS_MIO9_500,113.609,114.751,,,,,,,,,,,,,,,,,,,,
500,AB17,,VCCO_PSIO0_500,,,,,,,,,,,,,,,,,,,,,,
500,AE16,,VCCO_PSIO0_500,,,,,,,,,,,,,,,,,,,,,,
500,AG17,,VCCO_PSIO0_500,,,,,,,,,,,,,,,,,,,,,,
501,L15,PS8_X0Y0,PS_MIO26_501,42.769,43.199,,,,,,,,,,,,,,,,,,,,
501,J15,PS8_X0Y0,PS_MIO27_501,39.792,40.192,,,,,,,,,,,,,,,,,,,,
501,K15,PS8_X0Y0,PS_MIO28_501,40.802,41.212,,,,,,,,,,,,,,,,,,,,
501,G16,PS8_X0Y0,PS_MIO29_501,39.647,40.045,,,,,,,,,,,,,,,,,,,,
501,F16,PS8_X0Y0,PS_MIO30_501,48.203,48.687,,,,,,,,,,,,,,,,,,,,
501,H16,PS8_X0Y0,PS_MIO31_501,34.138,34.481,,,,,,,,,,,,,,,,,,,,
501,J16,PS8_X0Y0,PS_MIO32_501,41.007,41.419,,,,,,,,,,,,,,,,,,,,
501,L16,PS8_X0Y0,PS_MIO33_501,52.525,53.053,,,,,,,,,,,,,,,,,,,,
501,L17,PS8_X0Y0,PS_MIO34_501,62.021,62.645,,,,,,,,,,,,,,,,,,,,
501,H17,PS8_X0Y0,PS_MIO35_501,40.428,40.835,,,,,,,,,,,,,,,,,,,,
501,K17,PS8_X0Y0,PS_MIO36_501,44.976,45.428,,,,,,,,,,,,,,,,,,,,
501,J17,PS8_X0Y0,PS_MIO37_501,53.505,54.043,,,,,,,,,,,,,,,,,,,,
501,H18,PS8_X0Y0,PS_MIO38_501,34.758,35.108,,,,,,,,,,,,,,,,,,,,
501,H19,PS8_X0Y0,PS_MIO39_501,43.741,44.181,,,,,,,,,,,,,,,,,,,,
501,K18,PS8_X0Y0,PS_MIO40_501,35.030,35.382,,,,,,,,,,,,,,,,,,,,
501,J19,PS8_X0Y0,PS_MIO41_501,25.008,25.259,,,,,,,,,,,,,,,,,,,,
501,L18,PS8_X0Y0,PS_MIO42_501,46.253,46.717,,,,,,,,,,,,,,,,,,,,
501,K19,PS8_X0Y0,PS_MIO43_501,53.197,53.732,,,,,,,,,,,,,,,,,,,,
501,J20,PS8_X0Y0,PS_MIO44_501,39.673,40.072,,,,,,,,,,,,,,,,,,,,
501,K20,PS8_X0Y0,PS_MIO45_501,37.635,38.013,,,,,,,,,,,,,,,,,,,,
501,L20,PS8_X0Y0,PS_MIO46_501,48.286,48.771,,,,,,,,,,,,,,,,,,,,
501,H21,PS8_X0Y0,PS_MIO47_501,39.427,39.823,,,,,,,,,,,,,,,,,,,,
501,J21,PS8_X0Y0,PS_MIO48_501,40.323,40.728,,,,,,,,,,,,,,,,,,,,
501,M18,PS8_X0Y0,PS_MIO49_501,74.448,75.196,,,,,,,,,,,,,,,,,,,,
501,M19,PS8_X0Y0,PS_MIO50_501,66.390,67.057,,,,,,,,,,,,,,,,,,,,
501,L21,PS8_X0Y0,PS_MIO51_501,63.203,63.838,,,,,,,,,,,,,,,,,,,,
501,H20,,VCCO_PSIO1_501,,,,,,,,,,,,,,,,,,,,,,
501,L19,,VCCO_PSIO1_501,,,,,,,,,,,,,,,,,,,,,,
502,G18,PS8_X0Y0,PS_MIO52_502,52.926,53.458,,,,,,,,,,,,,,,,,,,,
502,D16,PS8_X0Y0,PS_MIO53_502,76.645,77.416,,,,,,,,,,,,,,,,,,,,
502,F17,PS8_X0Y0,PS_MIO54_502,54.969,55.521,,,,,,,,,,,,,,,,,,,,
502,B16,PS8_X0Y0,PS_MIO55_502,85.663,86.524,,,,,,,,,,,,,,,,,,,,
502,C16,PS8_X0Y0,PS_MIO56_502,82.092,82.917,,,,,,,,,,,,,,,,,,,,
502,A16,PS8_X0Y0,PS_MIO57_502,89.485,90.385,,,,,,,,,,,,,,,,,,,,
502,F18,PS8_X0Y0,PS_MIO58_502,56.334,56.900,,,,,,,,,,,,,,,,,,,,
502,E17,PS8_X0Y0,PS_MIO59_502,85.019,85.873,,,,,,,,,,,,,,,,,,,,
502,C17,PS8_X0Y0,PS_MIO60_502,77.536,78.315,,,,,,,,,,,,,,,,,,,,
502,D17,PS8_X0Y0,PS_MIO61_502,81.269,82.086,,,,,,,,,,,,,,,,,,,,
502,A17,PS8_X0Y0,PS_MIO62_502,84.887,85.740,,,,,,,,,,,,,,,,,,,,
502,E18,PS8_X0Y0,PS_MIO63_502,79.678,80.479,,,,,,,,,,,,,,,,,,,,
502,E19,PS8_X0Y0,PS_MIO64_502,70.962,71.675,,,,,,,,,,,,,,,,,,,,
502,A18,PS8_X0Y0,PS_MIO65_502,79.519,80.318,,,,,,,,,,,,,,,,,,,,
502,G19,PS8_X0Y0,PS_MIO66_502,55.067,55.620,,,,,,,,,,,,,,,,,,,,
502,B18,PS8_X0Y0,PS_MIO67_502,75.872,76.635,,,,,,,,,,,,,,,,,,,,
502,C18,PS8_X0Y0,PS_MIO68_502,72.447,73.175,,,,,,,,,,,,,,,,,,,,
502,D19,PS8_X0Y0,PS_MIO69_502,70.033,70.736,,,,,,,,,,,,,,,,,,,,
502,C19,PS8_X0Y0,PS_MIO70_502,68.703,69.394,,,,,,,,,,,,,,,,,,,,
502,B19,PS8_X0Y0,PS_MIO71_502,74.938,75.691,,,,,,,,,,,,,,,,,,,,
502,G20,PS8_X0Y0,PS_MIO72_502,49.937,50.439,,,,,,,,,,,,,,,,,,,,
502,G21,PS8_X0Y0,PS_MIO73_502,42.266,42.691,,,,,,,,,,,,,,,,,,,,
502,D20,PS8_X0Y0,PS_MIO74_502,80.008,80.812,,,,,,,,,,,,,,,,,,,,
502,A19,PS8_X0Y0,PS_MIO75_502,74.492,75.241,,,,,,,,,,,,,,,,,,,,
502,B20,PS8_X0Y0,PS_MIO76_502,72.589,73.318,,,,,,,,,,,,,,,,,,,,
502,F20,PS8_X0Y0,PS_MIO77_502,47.247,47.722,,,,,,,,,,,,,,,,,,,,
502,D18,,VCCO_PSIO2_502,,,,,,,,,,,,,,,,,,,,,,
502,G17,,VCCO_PSIO2_502,,,,,,,,,,,,,,,,,,,,,,
503,M21,PS8_X0Y0,PS_DONE_503,44.058,44.500,,,,,,,,,,,,,,,,,,,,
503,P17,PS8_X0Y0,PS_ERROR_OUT_503,83.611,84.451,,,,,,,,,,,,,,,,,,,,
503,M20,PS8_X0Y0,PS_ERROR_STATUS_503,57.461,58.038,,,,,,,,,,,,,,,,,,,,
503,P21,PS8_X0Y0,PS_INIT_B_503,51.921,52.443,,,,,,,,,,,,,,,,,,,,
503,R19,PS8_X0Y0,PS_JTAG_TCK_503,70.892,71.604,,,,,,,,,,,,,,,,,,,,
503,R18,PS8_X0Y0,PS_JTAG_TDI_503,85.551,86.411,,,,,,,,,,,,,,,,,,,,
503,T21,PS8_X0Y0,PS_JTAG_TDO_503,71.857,72.579,,,,,,,,,,,,,,,,,,,,
503,N21,PS8_X0Y0,PS_JTAG_TMS_503,55.299,55.855,,,,,,,,,,,,,,,,,,,,
503,P19,PS8_X0Y0,PS_MODE0_503,71.686,72.407,,,,,,,,,,,,,,,,,,,,
503,P20,PS8_X0Y0,PS_MODE1_503,63.568,64.207,,,,,,,,,,,,,,,,,,,,
503,R20,PS8_X0Y0,PS_MODE2_503,69.574,70.274,,,,,,,,,,,,,,,,,,,,
503,T20,PS8_X0Y0,PS_MODE3_503,74.266,75.013,,,,,,,,,,,,,,,,,,,,
503,N17,PS8_X0Y0,PS_PADI_503,72.674,73.404,,,,,,,,,,,,,,,,,,,,
503,N18,PS8_X0Y0,PS_PADO_503,84.390,85.238,,,,,,,,,,,,,,,,,,,,
503,P16,PS8_X0Y0,PS_POR_B_503,92.062,92.988,,,,,,,,,,,,,,,,,,,,
503,R17,PS8_X0Y0,PS_PROG_B_503,83.204,84.040,,,,,,,,,,,,,,,,,,,,
503,R16,PS8_X0Y0,PS_REF_CLK_503,85.540,86.400,,,,,,,,,,,,,,,,,,,,
503,N19,PS8_X0Y0,PS_SRST_B_503,93.144,94.080,,,,,,,,,,,,,,,,,,,,
503,M17,,VCCO_PSIO3_503,,,,,,,,,,,,,,,,,,,,,,
503,P18,,VCCO_PSIO3_503,,,,,,,,,,,,,,,,,,,,,,
504,W28,PS8_X0Y0,PS_DDR_A0_504,64.830,65.481,,,,,,,,,,,,,,,,,,,,
504,AA25,PS8_X0Y0,PS_DDR_A10_504,73.445,74.183,,,,,,,,,,,,,,,,,,,,
504,AA26,PS8_X0Y0,PS_DDR_A11_504,66.236,66.902,,,,,,,,,,,,,,,,,,,,
504,AB25,PS8_X0Y0,PS_DDR_A12_504,78.900,79.693,,,,,,,,,,,,,,,,,,,,
504,AB26,PS8_X0Y0,PS_DDR_A13_504,67.860,68.542,,,,,,,,,,,,,,,,,,,,
504,AB24,PS8_X0Y0,PS_DDR_A14_504,77.018,77.792,,,,,,,,,,,,,,,,,,,,
504,AC24,PS8_X0Y0,PS_DDR_A15_504,73.530,74.269,,,,,,,,,,,,,,,,,,,,
504,AC23,PS8_X0Y0,PS_DDR_A16_504,71.646,72.366,,,,,,,,,,,,,,,,,,,,
504,AC22,PS8_X0Y0,PS_DDR_A17_504,84.936,85.790,,,,,,,,,,,,,,,,,,,,
504,Y28,PS8_X0Y0,PS_DDR_A1_504,70.392,71.100,,,,,,,,,,,,,,,,,,,,
504,AB28,PS8_X0Y0,PS_DDR_A2_504,76.697,77.468,,,,,,,,,,,,,,,,,,,,
504,AA28,PS8_X0Y0,PS_DDR_A3_504,74.128,74.873,,,,,,,,,,,,,,,,,,,,
504,Y27,PS8_X0Y0,PS_DDR_A4_504,63.395,64.032,,,,,,,,,,,,,,,,,,,,
504,AA27,PS8_X0Y0,PS_DDR_A5_504,70.015,70.719,,,,,,,,,,,,,,,,,,,,
504,Y22,PS8_X0Y0,PS_DDR_A6_504,73.620,74.360,,,,,,,,,,,,,,,,,,,,
504,AA23,PS8_X0Y0,PS_DDR_A7_504,71.953,72.676,,,,,,,,,,,,,,,,,,,,
504,AA22,PS8_X0Y0,PS_DDR_A8_504,72.645,73.376,,,,,,,,,,,,,,,,,,,,
504,AB23,PS8_X0Y0,PS_DDR_A9_504,72.023,72.747,,,,,,,,,,,,,,,,,,,,
504,Y23,PS8_X0Y0,PS_DDR_ACT_N_504,70.761,71.472,,,,,,,,,,,,,,,,,,,,
504,U25,PS8_X0Y0,PS_DDR_ALERT_N_504,37.809,38.189,,,,,,,,,,,,,,,,,,,,
504,V23,PS8_X0Y0,PS_DDR_BA0_504,71.834,72.556,,,,,,,,,,,,,,,,,,,,
504,W22,PS8_X0Y0,PS_DDR_BA1_504,73.439,74.177,,,,,,,,,,,,,,,,,,,,
504,W24,PS8_X0Y0,PS_DDR_BG0_504,62.533,63.161,,,,,,,,,,,,,,,,,,,,
504,V22,PS8_X0Y0,PS_DDR_BG1_504,72.250,72.976,,,,,,,,,,,,,,,,,,,,
504,W25,PS8_X0Y0,PS_DDR_CK0_504,71.805,72.527,,,,,,,,,,,,,,,,,,,,
504,Y24,PS8_X0Y0,PS_DDR_CK1_504,72.660,73.391,,,,,,,,,,,,,,,,,,,,
504,V28,PS8_X0Y0,PS_DDR_CKE0_504,71.102,71.816,,,,,,,,,,,,,,,,,,,,
504,V27,PS8_X0Y0,PS_DDR_CKE1_504,76.112,76.877,,,,,,,,,,,,,,,,,,,,
504,W26,PS8_X0Y0,PS_DDR_CK_N0_504,72.260,72.986,,,,,,,,,,,,,,,,,,,,
504,Y25,PS8_X0Y0,PS_DDR_CK_N1_504,73.424,74.162,,,,,,,,,,,,,,,,,,,,
504,W27,PS8_X0Y0,PS_DDR_CS_N0_504,61.397,62.014,,,,,,,,,,,,,,,,,,,,
504,V26,PS8_X0Y0,PS_DDR_CS_N1_504,72.348,73.075,,,,,,,,,,,,,,,,,,,,
504,AG20,PS8_X0Y0,PS_DDR_DM0_504,86.135,87.001,,,,,,,,,,,,,,,,,,,,
504,AE23,PS8_X0Y0,PS_DDR_DM1_504,85.159,86.015,,,,,,,,,,,,,,,,,,,,
504,AE25,PS8_X0Y0,PS_DDR_DM2_504,113.557,114.698,,,,,,,,,,,,,,,,,,,,
504,AE28,PS8_X0Y0,PS_DDR_DM3_504,101.000,102.015,,,,,,,,,,,,,,,,,,,,
504,R23,PS8_X0Y0,PS_DDR_DM4_504,63.916,64.559,,,,,,,,,,,,,,,,,,,,
504,H23,PS8_X0Y0,PS_DDR_DM5_504,82.663,83.494,,,,,,,,,,,,,,,,,,,,
504,L27,PS8_X0Y0,PS_DDR_DM6_504,61.351,61.968,,,,,,,,,,,,,,,,,,,,
504,H26,PS8_X0Y0,PS_DDR_DM7_504,69.722,70.422,,,,,,,,,,,,,,,,,,,,
504,T26,PS8_X0Y0,PS_DDR_DM8_504,43.476,43.913,,,,,,,,,,,,,,,,,,,,
504,AD21,PS8_X0Y0,PS_DDR_DQ0_504,84.851,85.704,,,,,,,,,,,,,,,,,,,,
504,AE22,PS8_X0Y0,PS_DDR_DQ10_504,83.321,84.158,,,,,,,,,,,,,,,,,,,,
504,AD22,PS8_X0Y0,PS_DDR_DQ11_504,81.475,82.293,,,,,,,,,,,,,,,,,,,,
504,AH23,PS8_X0Y0,PS_DDR_DQ12_504,95.619,96.580,,,,,,,,,,,,,,,,,,,,
504,AH24,PS8_X0Y0,PS_DDR_DQ13_504,94.606,95.557,,,,,,,,,,,,,,,,,,,,
504,AE24,PS8_X0Y0,PS_DDR_DQ14_504,86.574,87.444,,,,,,,,,,,,,,,,,,,,
504,AG24,PS8_X0Y0,PS_DDR_DQ15_504,93.429,94.368,,,,,,,,,,,,,,,,,,,,
504,AC26,PS8_X0Y0,PS_DDR_DQ16_504,103.907,104.952,,,,,,,,,,,,,,,,,,,,
504,AD26,PS8_X0Y0,PS_DDR_DQ17_504,103.843,104.887,,,,,,,,,,,,,,,,,,,,
504,AD25,PS8_X0Y0,PS_DDR_DQ18_504,97.449,98.429,,,,,,,,,,,,,,,,,,,,
504,AD24,PS8_X0Y0,PS_DDR_DQ19_504,102.694,103.726,,,,,,,,,,,,,,,,,,,,
504,AE20,PS8_X0Y0,PS_DDR_DQ1_504,84.955,85.809,,,,,,,,,,,,,,,,,,,,
504,AG26,PS8_X0Y0,PS_DDR_DQ20_504,108.376,109.466,,,,,,,,,,,,,,,,,,,,
504,AH25,PS8_X0Y0,PS_DDR_DQ21_504,113.769,114.912,,,,,,,,,,,,,,,,,,,,
504,AH26,PS8_X0Y0,PS_DDR_DQ22_504,113.334,114.473,,,,,,,,,,,,,,,,,,,,
504,AG25,PS8_X0Y0,PS_DDR_DQ23_504,108.432,109.522,,,,,,,,,,,,,,,,,,,,
504,AH27,PS8_X0Y0,PS_DDR_DQ24_504,117.906,119.091,,,,,,,,,,,,,,,,,,,,
504,AH28,PS8_X0Y0,PS_DDR_DQ25_504,116.980,118.155,,,,,,,,,,,,,,,,,,,,
504,AF28,PS8_X0Y0,PS_DDR_DQ26_504,109.038,110.134,,,,,,,,,,,,,,,,,,,,
504,AG28,PS8_X0Y0,PS_DDR_DQ27_504,112.865,113.999,,,,,,,,,,,,,,,,,,,,
504,AC27,PS8_X0Y0,PS_DDR_DQ28_504,91.819,92.742,,,,,,,,,,,,,,,,,,,,
504,AD27,PS8_X0Y0,PS_DDR_DQ29_504,94.047,94.992,,,,,,,,,,,,,,,,,,,,
504,AD20,PS8_X0Y0,PS_DDR_DQ2_504,81.049,81.863,,,,,,,,,,,,,,,,,,,,
504,AD28,PS8_X0Y0,PS_DDR_DQ30_504,97.990,98.975,,,,,,,,,,,,,,,,,,,,
504,AC28,PS8_X0Y0,PS_DDR_DQ31_504,91.555,92.475,,,,,,,,,,,,,,,,,,,,
504,T22,PS8_X0Y0,PS_DDR_DQ32_504,90.680,91.591,,,,,,,,,,,,,,,,,,,,
504,R22,PS8_X0Y0,PS_DDR_DQ33_504,84.847,85.700,,,,,,,,,,,,,,,,,,,,
504,P22,PS8_X0Y0,PS_DDR_DQ34_504,82.343,83.170,,,,,,,,,,,,,,,,,,,,
504,N22,PS8_X0Y0,PS_DDR_DQ35_504,73.247,73.984,,,,,,,,,,,,,,,,,,,,
504,T23,PS8_X0Y0,PS_DDR_DQ36_504,80.010,80.814,,,,,,,,,,,,,,,,,,,,
504,P24,PS8_X0Y0,PS_DDR_DQ37_504,63.464,64.102,,,,,,,,,,,,,,,,,,,,
504,R24,PS8_X0Y0,PS_DDR_DQ38_504,64.848,65.500,,,,,,,,,,,,,,,,,,,,
504,N24,PS8_X0Y0,PS_DDR_DQ39_504,68.273,68.959,,,,,,,,,,,,,,,,,,,,
504,AF20,PS8_X0Y0,PS_DDR_DQ3_504,80.938,81.752,,,,,,,,,,,,,,,,,,,,
504,H24,PS8_X0Y0,PS_DDR_DQ40_504,89.097,89.993,,,,,,,,,,,,,,,,,,,,
504,J24,PS8_X0Y0,PS_DDR_DQ41_504,94.088,95.034,,,,,,,,,,,,,,,,,,,,
504,M24,PS8_X0Y0,PS_DDR_DQ42_504,82.864,83.697,,,,,,,,,,,,,,,,,,,,
504,K24,PS8_X0Y0,PS_DDR_DQ43_504,109.623,110.725,,,,,,,,,,,,,,,,,,,,
504,J22,PS8_X0Y0,PS_DDR_DQ44_504,93.470,94.409,,,,,,,,,,,,,,,,,,,,
504,H22,PS8_X0Y0,PS_DDR_DQ45_504,87.568,88.448,,,,,,,,,,,,,,,,,,,,
504,K22,PS8_X0Y0,PS_DDR_DQ46_504,84.401,85.249,,,,,,,,,,,,,,,,,,,,
504,L22,PS8_X0Y0,PS_DDR_DQ47_504,82.030,82.854,,,,,,,,,,,,,,,,,,,,
504,M25,PS8_X0Y0,PS_DDR_DQ48_504,57.474,58.051,,,,,,,,,,,,,,,,,,,,
504,M26,PS8_X0Y0,PS_DDR_DQ49_504,57.514,58.092,,,,,,,,,,,,,,,,,,,,
504,AH21,PS8_X0Y0,PS_DDR_DQ4_504,96.284,97.252,,,,,,,,,,,,,,,,,,,,
504,L25,PS8_X0Y0,PS_DDR_DQ50_504,60.553,61.161,,,,,,,,,,,,,,,,,,,,
504,L26,PS8_X0Y0,PS_DDR_DQ51_504,59.711,60.311,,,,,,,,,,,,,,,,,,,,
504,K28,PS8_X0Y0,PS_DDR_DQ52_504,65.738,66.399,,,,,,,,,,,,,,,,,,,,
504,L28,PS8_X0Y0,PS_DDR_DQ53_504,62.209,62.834,,,,,,,,,,,,,,,,,,,,
504,M28,PS8_X0Y0,PS_DDR_DQ54_504,57.759,58.339,,,,,,,,,,,,,,,,,,,,
504,N28,PS8_X0Y0,PS_DDR_DQ55_504,58.250,58.836,,,,,,,,,,,,,,,,,,,,
504,J28,PS8_X0Y0,PS_DDR_DQ56_504,67.478,68.157,,,,,,,,,,,,,,,,,,,,
504,K27,PS8_X0Y0,PS_DDR_DQ57_504,63.078,63.712,,,,,,,,,,,,,,,,,,,,
504,H28,PS8_X0Y0,PS_DDR_DQ58_504,81.354,82.172,,,,,,,,,,,,,,,,,,,,
504,H27,PS8_X0Y0,PS_DDR_DQ59_504,77.877,78.660,,,,,,,,,,,,,,,,,,,,
504,AH20,PS8_X0Y0,PS_DDR_DQ5_504,90.693,91.605,,,,,,,,,,,,,,,,,,,,
504,G26,PS8_X0Y0,PS_DDR_DQ60_504,83.498,84.337,,,,,,,,,,,,,,,,,,,,
504,G25,PS8_X0Y0,PS_DDR_DQ61_504,88.368,89.256,,,,,,,,,,,,,,,,,,,,
504,K25,PS8_X0Y0,PS_DDR_DQ62_504,66.706,67.377,,,,,,,,,,,,,,,,,,,,
504,J25,PS8_X0Y0,PS_DDR_DQ63_504,75.067,75.821,,,,,,,,,,,,,,,,,,,,
504,T28,PS8_X0Y0,PS_DDR_DQ64_504,48.948,49.440,,,,,,,,,,,,,,,,,,,,
504,R28,PS8_X0Y0,PS_DDR_DQ65_504,54.149,54.694,,,,,,,,,,,,,,,,,,,,
504,P28,PS8_X0Y0,PS_DDR_DQ66_504,55.623,56.182,,,,,,,,,,,,,,,,,,,,
504,P27,PS8_X0Y0,PS_DDR_DQ67_504,53.835,54.376,,,,,,,,,,,,,,,,,,,,
504,P26,PS8_X0Y0,PS_DDR_DQ68_504,61.219,61.834,,,,,,,,,,,,,,,,,,,,
504,R25,PS8_X0Y0,PS_DDR_DQ69_504,33.937,34.278,,,,,,,,,,,,,,,,,,,,
504,AH19,PS8_X0Y0,PS_DDR_DQ6_504,94.552,95.503,,,,,,,,,,,,,,,,,,,,
504,P25,PS8_X0Y0,PS_DDR_DQ70_504,46.460,46.927,,,,,,,,,,,,,,,,,,,,
504,T25,PS8_X0Y0,PS_DDR_DQ71_504,35.895,36.256,,,,,,,,,,,,,,,,,,,,
504,AG19,PS8_X0Y0,PS_DDR_DQ7_504,87.615,88.495,,,,,,,,,,,,,,,,,,,,
504,AF22,PS8_X0Y0,PS_DDR_DQ8_504,87.120,87.996,,,,,,,,,,,,,,,,,,,,
504,AH22,PS8_X0Y0,PS_DDR_DQ9_504,95.000,95.955,,,,,,,,,,,,,,,,,,,,
504,AG21,PS8_X0Y0,PS_DDR_DQS_N0_504,89.910,90.814,,,,,,,,,,,,,,,,,,,,
504,AG23,PS8_X0Y0,PS_DDR_DQS_N1_504,90.013,90.917,,,,,,,,,,,,,,,,,,,,
504,AF26,PS8_X0Y0,PS_DDR_DQS_N2_504,111.629,112.751,,,,,,,,,,,,,,,,,,,,
504,AF27,PS8_X0Y0,PS_DDR_DQS_N3_504,101.667,102.689,,,,,,,,,,,,,,,,,,,,
504,M23,PS8_X0Y0,PS_DDR_DQS_N4_504,64.351,64.998,,,,,,,,,,,,,,,,,,,,
504,K23,PS8_X0Y0,PS_DDR_DQS_N5_504,94.452,95.401,,,,,,,,,,,,,,,,,,,,
504,N27,PS8_X0Y0,PS_DDR_DQS_N6_504,49.673,50.172,,,,,,,,,,,,,,,,,,,,
504,J27,PS8_X0Y0,PS_DDR_DQS_N7_504,75.030,75.784,,,,,,,,,,,,,,,,,,,,
504,T27,PS8_X0Y0,PS_DDR_DQS_N8_504,47.990,48.472,,,,,,,,,,,,,,,,,,,,
504,AF21,PS8_X0Y0,PS_DDR_DQS_P0_504,90.566,91.476,,,,,,,,,,,,,,,,,,,,
504,AF23,PS8_X0Y0,PS_DDR_DQS_P1_504,88.662,89.553,,,,,,,,,,,,,,,,,,,,
504,AF25,PS8_X0Y0,PS_DDR_DQS_P2_504,112.607,113.739,,,,,,,,,,,,,,,,,,,,
504,AE27,PS8_X0Y0,PS_DDR_DQS_P3_504,101.029,102.044,,,,,,,,,,,,,,,,,,,,
504,N23,PS8_X0Y0,PS_DDR_DQS_P4_504,64.690,65.340,,,,,,,,,,,,,,,,,,,,
504,L23,PS8_X0Y0,PS_DDR_DQS_P5_504,94.679,95.631,,,,,,,,,,,,,,,,,,,,
504,N26,PS8_X0Y0,PS_DDR_DQS_P6_504,50.063,50.567,,,,,,,,,,,,,,,,,,,,
504,J26,PS8_X0Y0,PS_DDR_DQS_P7_504,74.386,75.133,,,,,,,,,,,,,,,,,,,,
504,R27,PS8_X0Y0,PS_DDR_DQS_P8_504,49.189,49.684,,,,,,,,,,,,,,,,,,,,
504,U28,PS8_X0Y0,PS_DDR_ODT0_504,73.283,74.019,,,,,,,,,,,,,,,,,,,,
504,U26,PS8_X0Y0,PS_DDR_ODT1_504,74.157,74.903,,,,,,,,,,,,,,,,,,,,
504,V24,PS8_X0Y0,PS_DDR_PARITY_504,70.869,71.581,,,,,,,,,,,,,,,,,,,,
504,U23,PS8_X0Y0,PS_DDR_RAM_RST_N_504,46.326,46.791,,,,,,,,,,,,,,,,,,,,
504,U24,PS8_X0Y0,PS_DDR_ZQ_504,34.303,34.648,,,,,,,,,,,,,,,,,,,,
504,AB22,,VCCO_PSDDR_504,,,,,,,,,,,,,,,,,,,,,,
504,AD23,,VCCO_PSDDR_504,,,,,,,,,,,,,,,,,,,,,,
504,AF24,,VCCO_PSDDR_504,,,,,,,,,,,,,,,,,,,,,,
504,P23,,VCCO_PSDDR_504,,,,,,,,,,,,,,,,,,,,,,
504,T24,,VCCO_PSDDR_504,,,,,,,,,,,,,,,,,,,,,,
504,V25,,VCCO_PSDDR_504,,,,,,,,,,,,,,,,,,,,,,
504,Y26,,VCCO_PSDDR_504,,,,,,,,,,,,,,,,,,,,,,
,T12,SYSMONE4_X0Y0,VN,72.347,73.074,,,,,,,,,,,,,,,,,,,,
,R13,SYSMONE4_X0Y0,VP,73.102,73.837,,,,,,,,,,,,,,,,,,,,
,A20,,GND,,,,,,,,,,,,,,,,,,,,GND,GND,
,A23,,PS_MGTRAVTT,,,,,,,,,,,,,,,,,,,,,,
,A24,,GND,,,,,,,,,,,,,,,,,,,,GND,GND,
,A27,,GND,,,,,,,,,,,,,,,,,,,,GND,GND,
,A28,,GND,,,,,,,,,,,,,,,,,,,,GND,GND,
,AA1,,GND,,,,,,,,,,,,,,,,,,,,GND,GND,
,AA15,,VCC_PSINTFP,,,,,,,,,,,,,,,,,,,,,,
,AA16,,VCC_PSINTFP,,,,,,,,,,,,,,,,,,,,,,
,AA17,,VCC_PSINTFP,,,,,,,,,,,,,,,,,,,,,,
,AA18,,VCC_PSINTFP,,,,,,,,,,,,,,,,,,,,,,
,AA19,,GND,,,,,,,,,,,,,,,,,,,,GND,GND,
,AA2,,GND,,,,,,,,,,,,,,,,,,,,GND,GND,
,AA20,,VCC_PSINTFP_DDR,,,,,,,,,,,,,,,,,,,,,,
,AA21,,VCC_PSINTFP_DDR,,,,,,,,,,,,,,,,,,,,,,
,AA24,,GND,,,,,,,,,,,,,,,,,,,,GND,GND,
,AA3,,GND,,,,,,,,,,,,,,,,,,,,GND,GND,
,AA4,,GND,,,,,,,,,,,,,,,,,,,,GND,GND,
,AA5,,GND,,,,,,,,,,,,,,,,,,,,GND,GND,
,AA6,,GND,,,,,,,,,,,,,,,,,,,,GND,GND,
,AA9,,GND,,,,,,,,,,,,,,,,,,,,GND,GND,
,AB12,,GND,,,,,,,,,,,,,,,,,,,,GND,GND,
,AB16,,VCC_PSINTFP,,,,,,,,,,,,,,,,,,,,,,
,AB27,,GND,,,,,,,,,,,,,,,,,,,,GND,GND,
,AC15,,GND,,,,,,,,,,,,,,,,,,,,GND,GND,
,AC20,,GND,,,,,,,,,,,,,,,,,,,,GND,GND,
,AC25,,GND,,,,,,,,,,,,,,,,,,,,GND,GND,
,AD18,,GND,,,,,,,,,,,,,,,,,,,,GND,GND,
,AD3,,GND,,,,,,,,,,,,,,,,,,,,GND,GND,
,AE1,,GND,,,,,,,,,,,,,,,,,,,,GND,GND,
,AE11,,GND,,,,,,,,,,,,,,,,,,,,GND,GND,
,AE21,,GND,,,,,,,,,,,,,,,,,,,,GND,GND,
,AE26,,GND,,,,,,,,,,,,,,,,,,,,GND,GND,
,AE6,,GND,,,,,,,,,,,,,,,,,,,,GND,GND,
,AF14,,GND,,,,,,,,,,,,,,,,,,,,GND,GND,
,AF19,,GND,,,,,,,,,,,,,,,,,,,,GND,GND,
,AF4,,GND,,,,,,,,,,,,,,,,,,,,GND,GND,
,AF9,,GND,,,,,,,,,,,,,,,,,,,,GND,GND,
,AG2,,GND,,,,,,,,,,,,,,,,,,,,GND,GND,
,AG22,,GND,,,,,,,,,,,,,,,,,,,,GND,GND,
,AG27,,GND,,,,,,,,,,,,,,,,,,,,GND,GND,
,AH5,,GND,,,,,,,,,,,,,,,,,,,,GND,GND,
,B17,,GND,,,,,,,,,,,,,,,,,,,,GND,GND,
,B2,,GND,,,,,,,,,,,,,,,,,,,,GND,GND,
,B21,,GND,,,,,,,,,,,,,,,,,,,,GND,GND,
,B22,,PS_MGTRAVCC,,,,,,,,,,,,,,,,,,,,,,
,B25,,GND,,,,,,,,,,,,,,,,,,,,GND,GND,
,B26,,GND,,,,,,,,,,,,,,,,,,,,GND,GND,
,C10,,GND,,,,,,,,,,,,,,,,,,,,GND,GND,
,C20,,GND,,,,,,,,,,,,,,,,,,,,GND,GND,
,C23,,PS_MGTRAVTT,,,,,,,,,,,,,,,,,,,,,,
,C24,,GND,,,,,,,,,,,,,,,,,,,,GND,GND,
,C27,,GND,,,,,,,,,,,,,,,,,,,,GND,GND,
,C28,,GND,,,,,,,,,,,,,,,,,,,,GND,GND,
,C5,,GND,,,,,,,,,,,,,,,,,,,,GND,GND,
,D13,,GND,,,,,,,,,,,,,,,,,,,,GND,GND,
,D21,,GND,,,,,,,,,,,,,,,,,,,,GND,GND,
,D22,,PS_MGTRAVCC,,,,,,,,,,,,,,,,,,,,,,
,D25,,PS_MGTRAVTT,,,,,,,,,,,,,,,,,,,,,,
,D26,,GND,,,,,,,,,,,,,,,,,,,,GND,GND,
,D8,,GND,,,,,,,,,,,,,,,,,,,,GND,GND,
,E16,,GND,,,,,,,,,,,,,,,,,,,,GND,GND,
,E20,,GND,,,,,,,,,,,,,,,,,,,,GND,GND,
,E23,,PS_MGTRAVTT,,,,,,,,,,,,,,,,,,,,,,
,E24,,GND,,,,,,,,,,,,,,,,,,,,GND,GND,
,E27,,GND,,,,,,,,,,,,,,,,,,,,GND,GND,
,E28,,GND,,,,,,,,,,,,,,,,,,,,GND,GND,
,F19,,GND,,,,,,,,,,,,,,,,,,,,GND,GND,
,F21,,GND,,,,,,,,,,,,,,,,,,,,GND,GND,
,F25,,GND,,,,,,,,,,,,,,,,,,,,GND,GND,
,F26,,GND,,,,,,,,,,,,,,,,,,,,GND,GND,
,F4,,GND,,,,,,,,,,,,,,,,,,,,GND,GND,
,F9,,GND,,,,,,,,,,,,,,,,,,,,GND,GND,
,G12,,GND,,,,,,,,,,,,,,,,,,,,GND,GND,
,G2,,GND,,,,,,,,,,,,,,,,,,,,GND,GND,
,G22,,GND,,,,,,,,,,,,,,,,,,,,GND,GND,
,G23,,GND,,,,,,,,,,,,,,,,,,,,GND,GND,
,G24,,GND,,,,,,,,,,,,,,,,,,,,GND,GND,
,G27,,GND,,,,,,,,,,,,,,,,,,,,GND,GND,
,G28,,GND,,,,,,,,,,,,,,,,,,,,GND,GND,
,G7,,GND,,,,,,,,,,,,,,,,,,,,GND,GND,
,H10,,GND,,,,,,,,,,,,,,,,,,,,GND,GND,
,H15,,GND,,,,,,,,,,,,,,,,,,,,GND,GND,
,H25,,GND,,,,,,,,,,,,,,,,,,,,GND,GND,
,J13,,GND,,,,,,,,,,,,,,,,,,,,GND,GND,
,J18,,GND,,,,,,,,,,,,,,,,,,,,GND,GND,
,J23,,GND,,,,,,,,,,,,,,,,,,,,GND,GND,
,J8,,GND,,,,,,,,,,,,,,,,,,,,GND,GND,
,K10,,VCCINT_IO,,,,,,,,,,,,,,,,,,,,,,
,K11,,GND,,,,,,,,,,,,,,,,,,,,GND,GND,
,K16,,GND,,,,,,,,,,,,,,,,,,,,GND,GND,
,K21,,GND,,,,,,,,,,,,,,,,,,,,GND,GND,
,K26,,GND,,,,,,,,,,,,,,,,,,,,GND,GND,
,K6,,GND,,,,,,,,,,,,,,,,,,,,GND,GND,
,L10,,VCCINT_IO,,,,,,,,,,,,,,,,,,,,,,
,L11,,VCCBRAM,,,,,,,,,,,,,,,,,,,,,,
,L12,,VCCBRAM,,,,,,,,,,,,,,,,,,,,,,
,L24,,GND,,,,,,,,,,,,,,,,,,,,GND,GND,
,L9,,GND,,,,,,,,,,,,,,,,,,,,GND,GND,
,M1,,GND,,,,,,,,,,,,,,,,,,,,GND,GND,
,M10,,VCCINT_IO,,,,,,,,,,,,,,,,,,,,,,
,M11,,VCCBRAM,,,,,,,,,,,,,,,,,,,,,,
,M12,,VCCBRAM,,,,,,,,,,,,,,,,,,,,,,
,M13,,VCCAUX_IO,,,,,,,,,,,,,,,,,,,,,,
,M14,,VCCAUX_IO,,,,,,,,,,,,,,,,,,,,,,
,M15,,VCCAUX_IO,,,,,,,,,,,,,,,,,,,,,,
,M16,,VCCAUX,,,,,,,,,,,,,,,,,,,,VCCAUX,1.80,
,M2,,GND,,,,,,,,,,,,,,,,,,,,GND,GND,
,M22,,GND,,,,,,,,,,,,,,,,,,,,GND,GND,
,M27,,GND,,,,,,,,,,,,,,,,,,,,GND,GND,
,M3,,GND,,,,,,,,,,,,,,,,,,,,GND,GND,
,M4,,GND,,,,,,,,,,,,,,,,,,,,GND,GND,
,M5,,GND,,,,,,,,,,,,,,,,,,,,GND,GND,
,M7,,GND,,,,,,,,,,,,,,,,,,,,GND,GND,
,M9,,VCCINT_IO,,,,,,,,,,,,,,,,,,,,,,
,N10,,GND,,,,,,,,,,,,,,,,,,,,GND,GND,
,N11,,VCCINT,,,,,,,,,,,,,,,,,,,,,,
,N12,,GND,,,,,,,,,,,,,,,,,,,,GND,GND,
,N13,,VCCINT,,,,,,,,,,,,,,,,,,,,,,
,N14,,GND,,,,,,,,,,,,,,,,,,,,GND,GND,
,N15,,VCCINT,,,,,,,,,,,,,,,,,,,,,,
,N16,,VCCAUX,,,,,,,,,,,,,,,,,,,,VCCAUX,1.80,
,N20,,GND,,,,,,,,,,,,,,,,,,,,GND,GND,
,N25,,GND,,,,,,,,,,,,,,,,,,,,GND,GND,
,N5,,GND,,,,,,,,,,,,,,,,,,,,GND,GND,
,P10,,VCCINT,,,,,,,,,,,,,,,,,,,,,,
,P11,,GND,,,,,,,,,,,,,,,,,,,,GND,GND,
,P14,,VCCINT,,,,,,,,,,,,,,,,,,,,,,
,P15,,VCCINT,,,,,,,,,,,,,,,,,,,,,,
,P3,,GND,,,,,,,,,,,,,,,,,,,,GND,GND,
,P4,,MGTAVTT_R,,,,,,,,,,,,,,,,,,,,,,
,P5,,GND,,,,,,,,,,,,,,,,,,,,GND,GND,
,P8,,GND,,,,,,,,,,,,,,,,,,,,GND,GND,
,R1,,GND,,,,,,,,,,,,,,,,,,,,GND,GND,
,R10,,VCCINT,,,,,,,,,,,,,,,,,,,,,,
,R11,,VCCINT,,,,,,,,,,,,,,,,,,,,,,
,R14,,VCCINT,,,,,,,,,,,,,,,,,,,,,,
,R15,,GND,,,,,,,,,,,,,,,,,,,,GND,GND,
,R2,,GND,,,,,,,,,,,,,,,,,,,,GND,GND,
,R21,,GND,,,,,,,,,,,,,,,,,,,,GND,GND,
,R26,,GND,,,,,,,,,,,,,,,,,,,,GND,GND,
,R5,,GND,,,,,,,,,,,,,,,,,,,,GND,GND,
,T10,,GND,,,,,,,,,,,,,,,,,,,,GND,GND,
,T11,,VCCINT,,,,,,,,,,,,,,,,,,,,,,
,T14,,GND,,,,,,,,,,,,,,,,,,,,GND,GND,
,T15,,VCCINT,,,,,,,,,,,,,,,,,,,,,,
,T16,,VCC_PSPLL,,,,,,,,,,,,,,,,,,,,,,
,T17,,VCC_PSPLL,,,,,,,,,,,,,,,,,,,,,,
,T18,,VCC_PSPLL,,,,,,,,,,,,,,,,,,,,,,
,T19,,GND,,,,,,,,,,,,,,,,,,,,GND,GND,
,T3,,GND,,,,,,,,,,,,,,,,,,,,GND,GND,
,T4,,MGTAVTT_R,,,,,,,,,,,,,,,,,,,,,,
,T5,,GND,,,,,,,,,,,,,,,,,,,,GND,GND,
,T9,,GND,,,,,,,,,,,,,,,,,,,,GND,GND,
,U1,,GND,,,,,,,,,,,,,,,,,,,,GND,GND,
,U10,,VCCINT,,,,,,,,,,,,,,,,,,,,,,
,U11,,GND,,,,,,,,,,,,,,,,,,,,GND,GND,
,U14,,VCCINT,,,,,,,,,,,,,,,,,,,,,,
,U15,,VCCINT,,,,,,,,,,,,,,,,,,,,,,
,U16,,VCC_PSDDR_PLL,,,,,,,,,,,,,,,,,,,,,,
,U17,,GND,,,,,,,,,,,,,,,,,,,,GND,GND,
,U18,,VCC_PSDDR_PLL,,,,,,,,,,,,,,,,,,,,,,
,U19,,VCC_PSAUX,,,,,,,,,,,,,,,,,,,,,,
,U2,,GND,,,,,,,,,,,,,,,,,,,,GND,GND,
,U20,,VCC_PSAUX,,,,,,,,,,,,,,,,,,,,,,
,U21,,VCCINT_VCU,,,,,,,,,,,,,,,,,,,,,,
,U22,,GND,,,,,,,,,,,,,,,,,,,,GND,GND,
,U27,,GND,,,,,,,,,,,,,,,,,,,,GND,GND,
,U5,,MGTVCCAUX_R,,,,,,,,,,,,,,,,,,,,,,
,U6,,GND,,,,,,,,,,,,,,,,,,,,GND,GND,
,V10,,VCCINT,,,,,,,,,,,,,,,,,,,,,,
,V11,,VCCINT,,,,,,,,,,,,,,,,,,,,,,
,V12,,VCCINT,,,,,,,,,,,,,,,,,,,,,,
,V13,,GND,,,,,,,,,,,,,,,,,,,,GND,GND,
,V14,,VCCINT,,,,,,,,,,,,,,,,,,,,,,
,V15,,GND,,,,,,,,,,,,,,,,,,,,GND,GND,
,V16,,VCC_PSINTLP,,,,,,,,,,,,,,,,,,,,,,
,V17,,VCC_PSINTLP,,,,,,,,,,,,,,,,,,,,,,
,V18,,VCC_PSINTLP,,,,,,,,,,,,,,,,,,,,,,
,V19,,VCC_PSAUX,,,,,,,,,,,,,,,,,,,,,,
,V20,,VCCINT_VCU,,,,,,,,,,,,,,,,,,,,,,
,V21,,VCCINT_VCU,,,,,,,,,,,,,,,,,,,,,,
,V3,,GND,,,,,,,,,,,,,,,,,,,,GND,GND,
,V4,,MGTAVCC_R,,,,,,,,,,,,,,,,,,,,,,
,V7,,GND,,,,,,,,,,,,,,,,,,,,GND,GND,
,W1,,GND,,,,,,,,,,,,,,,,,,,,GND,GND,
,W15,,VCC_PSINTLP,,,,,,,,,,,,,,,,,,,,,,
,W16,,VCC_PSINTLP,,,,,,,,,,,,,,,,,,,,,,
,W17,,VCC_PSINTLP,,,,,,,,,,,,,,,,,,,,,,
,W18,,GND,,,,,,,,,,,,,,,,,,,,GND,GND,
,W19,,VCC_PSAUX,,,,,,,,,,,,,,,,,,,,,,
,W2,,GND,,,,,,,,,,,,,,,,,,,,GND,GND,
,W20,,GND_PSADC,,,,,,,,,,,,,,,,,,,,,,
,W21,,VCCINT_VCU,,,,,,,,,,,,,,,,,,,,,,
,W23,,GND,,,,,,,,,,,,,,,,,,,,GND,GND,
,W5,,MGTVCCAUX_R,,,,,,,,,,,,,,,,,,,,,,
,W6,,GND,,,,,,,,,,,,,,,,,,,,GND,GND,
,Y11,,GND,,,,,,,,,,,,,,,,,,,,GND,GND,
,Y15,,VCC_PSINTFP,,,,,,,,,,,,,,,,,,,,,,
,Y16,,GND,,,,,,,,,,,,,,,,,,,,GND,GND,
,Y17,,VCC_PSINTFP,,,,,,,,,,,,,,,,,,,,,,
,Y18,,VCC_PSBATT,,,,,,,,,,,,,,,,,,,,,,
,Y19,,VCC_PSINTFP_DDR,,,,,,,,,,,,,,,,,,,,,,
,Y20,,VCC_PSADC,,,,,,,,,,,,,,,,,,,,,,
,Y21,,VCCINT_VCU,,,,,,,,,,,,,,,,,,,,,,
,Y3,,GND,,,,,,,,,,,,,,,,,,,,GND,GND,
,Y4,,MGTAVCC_R,,,,,,,,,,,,,,,,,,,,,,
,Y7,,GND,,,,,,,,,,,,,,,,,,,,GND,GND,
